sector,portfolio_weight
Financial Services,0.25
Consumer Staples,0.20193060221030412
Technology,0.19721801103844724
Insurance,0.1842983472210236
Communication Services,0.16655303953022504
